,credit_lines_outstanding,loan_amt_outstanding,total_debt_outstanding,income,years_employed,fico_score
count,10000.0,10000.0,10000.0,10000.0,10000.0,10000.0
mean,1.4612,4159.677034265904,8718.916796726344,70039.90140134419,4.5528,637.5577
std,1.7438459392578196,1421.3990776378926,6627.164761596831,20072.214143165438,1.5668623633767507,60.657906400327455
min,0.0,46.7839734,31.65273156,1000.0,0.0,408.0
25%,0.0,3154.235371,4199.836020000001,56539.8679025,3.0,597.0
50%,1.0,4052.3772275,6732.407217,70085.82633000001,5.0,638.0
75%,2.0,5052.8981029999995,11272.26374,83429.1661325,6.0,679.0
max,5.0,10750.67781,43688.7841,148412.1805,10.0,850.0
